[
    {"question": "Who is the current US President?", "answer": ["Joe Biden", "Joe", "Biden"]},
    {"question": "What currency is used in Germany?", "answer": ["Euro"]},
    {"question": "What color is the sun?", "answer": ["Yellow", "Yelow"]},
    {"question": "What is the capital of France?", "answer": ["Paris"]},
    {"question": "How many days are there in a week?", "answer": ["7", "Seven"]},
    {"question": "Which planet is closest to the sun?", "answer": ["Mercury"]},
    {"question": "What is the chemical symbol for water?", "answer": ["H2O"]},
    {"question": "What is the largest continent?", "answer": ["Asia"]},
    {"question": "What is the largest animal on Earth?", "answer": ["Blue Whale", "Blue whale"]},
    {"question": "How many teeth does a normal adult human have?", "answer": ["32", "Thirty two"]},
    {"question": "What is the square root of 81?", "answer": ["9", "Nine"]},
    {"question": "How many seconds are there in a minute?", "answer": ["60", "Sixty"]},
    {"question": "How many colors does a rainbow have?", "answer": ["7", "Seven"]},
    {"question": "What animal is known as the fastest on land?", "answer": ["Cheetah"]},
    {"question": "In which month is Halloween?", "answer": ["October"]},
    {"question": "Who wrote 'To Kill a Mockingbird'?", "answer": ["Harper Lee"]},
    {"question": "What is the smallest country in the world?", "answer": ["Vatican City", "Vatican"]},
    {"question": "How many states are there in the United States?", "answer": ["50", "Fifty"]},
    {"question": "Who composed the 5th Symphony?", "answer": ["Beethoven"]},
    {"question": "Who is the most famous detective in the books of Sir Arthur Conan Doyle?", "answer": ["Sherlock Holmes", "Sherlock", "Holmes"]},
    {"question": "What do you call a six-sided polygon?", "answer": ["Hexagon"]},
    {"question": "Who invented the telephone?", "answer": ["Alexander Graham Bell", "Alexander Bell", "Bell"]},
    {"question": "In which city is the Eiffel Tower?", "answer": ["Paris"]},
    {"question": "What is the longest river in the world?", "answer": ["Nile"]},
    {"question": "What is the chemical element for the symbol O?", "answer": ["Oxygen"]},
    {"question": "How many time zones does Russia have?", "answer": ["11", "Eleven"]},
    {"question": "Which country has the largest population?", "answer": ["China"]},
    {"question": "Who built the first computer?", "answer": ["Charles Babbage", "Babbage"]},
    {"question": "What is the name of the deepest ocean in the world?", "answer": ["Pacific Ocean", "Pacific"]},
    {"question": "What is the largest planet in our solar system?", "answer": ["Jupiter"]},
    {"question": "What is the symbol for gold in the periodic table?", "answer": ["Au"]},
    {"question": "How many keys does a piano have?", "answer": ["88", "Eighty eight"]},
    {"question": "What is the name of the highest mountain in the world?", "answer": ["Mount Everest", "Everest"]},
    {"question": "How many players does a soccer team have on the field?", "answer": ["11", "Eleven"]},
    {"question": "Who painted the Mona Lisa?", "answer": ["Leonardo da Vinci", "Leonardo", "Da Vinci"]},
    {"question": "How many toes does a human normally have?", "answer": ["10", "Ten"]},
    {"question": "How many months are there in a year?", "answer": ["12", "Twelve"]},
    {"question": "What is the chemical symbol for silver?", "answer": ["Ag"]},
    {"question": "How many books are there in the main Harry Potter series?", "answer": ["7", "Seven"]},
    {"question": "What is the capital of Australia?", "answer": ["Canberra"]},
    {"question": "What is the chemical symbol for hydrogen?", "answer": ["H"]},
    {"question": "What color do you get when you mix blue and yellow?", "answer": ["Green"]},
    {"question": "How many points does a star commonly have?", "answer": ["5", "Five"]},
    {"question": "Which planet is known as the Red Planet?", "answer": ["Mars"]},
    {"question": "Who is the author of 'Pride and Prejudice'?", "answer": ["Jane Austen", "Jane", "Austen"]},
    {"question": "How many days are there in a leap year?", "answer": ["366", "Three hundred sixty six"]},
    {"question": "What is the most widely spoken language in Brazil?", "answer": ["Portuguese"]},
    {"question": "Which bird is known for its beautiful tail?", "answer": ["Peacock"]},
    {"question": "Who is the Greek god of love?", "answer": ["Eros"]},
    {"question": "What is the capital of Canada?", "answer": ["Ottawa"]},
    {"question": "Which planet is closest to the Sun?", "answer": ["Mercury"]},
    {"question": "What is the largest planet in the Solar System?", "answer": ["Jupiter"]},
    {"question": "Which animal is known as the king of the jungle?", "answer": ["Lion"]},
    {"question": "What is the main language spoken in Mexico?", "answer": ["Spanish"]},
    {"question": "What is the tallest mammal on Earth?", "answer": ["Giraffe"]},
    {"question": "Which fruit is known as the king of fruits?", "answer": ["Mango"]},
    {"question": "What is the smallest planet in our Solar System?", "answer": ["Mercury"]},
    {"question": "Which city is known as the city of love?", "answer": ["Paris"]}
]
import java.io.IOException;
import java.net.URISyntaxException;
import java.nio.file.Files;
import java.nio.file.Path;
import java.nio.file.Paths;
import org.json.JSONArray;
import org.json.JSONException;
import org.json.JSONObject;


public class QuestionsLifes {
    private int lives;
    private JSONArray questions;

    public QuestionsLifes(int initialLives, String filePath) throws IOException, JSONException, URISyntaxException {
        this.lives = initialLives;

        Path path = Paths.get(QuestionsLifes.class.getClassLoader().getResource(filePath).toURI());
        String content = new String(Files.readAllBytes(path));

        this.questions = new JSONArray(content);
    }

    public int getLives() {
        return lives;
    }

    public JSONObject getRandomQuestion() throws JSONException {
        return questions.getJSONObject((int)(Math.random() * questions.length()));
    }

    public boolean isAnswerCorrect(JSONObject question, String userAnswer) throws JSONException {
        JSONArray acceptableAnswers = question.getJSONArray("answer");
        for (int i = 0; i < acceptableAnswers.length(); i++) {
            if (levenshteinDistance(userAnswer, acceptableAnswers.getString(i)) <= 2) {
                return true;
            }
        }
        return false;
    }

    public void decrementLives() {
        this.lives -= 1;
    }

    public static int levenshteinDistance(CharSequence lhs, CharSequence rhs) {
        int len0 = lhs.length() + 1;
        int len1 = rhs.length() + 1;
        int[] cost = new int[len0];
        int[] newcost = new int[len0];
        for (int i = 0; i < len0; i++) {
            cost[i] = i;
        }
        for (int j = 1; j < len1; j++) {
            newcost[0] = j;
            for(int i = 1; i < len0; i++) {
                int match = (lhs.charAt(i - 1) == rhs.charAt(j - 1)) ? 0 : 1;
                int cost_replace = cost[i - 1] + match;
                int cost_insert  = cost[i] + 1;
                int cost_delete  = newcost[i - 1] + 1;
                newcost[i] = Math.min(Math.min(cost_insert, cost_delete), cost_replace);
            }
            int[] swap = cost; cost = newcost; newcost = swap;
        }
        return cost[len0 - 1];
    }
}
